actor_ent,actor_logprob,actor_loss,batch_reward,buffer_size,critic_loss,critic_q1,critic_q2,critic_target_q,episode,episode_length,episode_reward,fps,frame,step,total_time
9.659623611450195,-6.380782472610473,-0.0004745170823589433,0.008294056772254407,4500.0,0.0011117124216398224,0.0013866079448489473,0.0024626359877875075,0.002292071257950738,9.0,500.0,0.9071516757678344,2.2101041858127743,4500,4500.0,226.23368000984192
9.626794158935548,-6.361441640853882,-0.02678231325559318,0.007701970039866865,5000.0,0.0002816648413136136,0.026381216954439877,0.02638239982165396,0.02639849977940321,10.0,500.0,0.8701152929716862,32.80170939419634,5000,5000.0,241.47678899765015
9.593810077667236,-6.267695880889892,-0.06809029237926006,0.00727263198979199,5500.0,0.0005990310845081694,0.058911843534559014,0.05890540323033929,0.058942331328988073,11.0,500.0,0.699244496454772,33.246474428885755,5500,5500.0,256.51597833633423
9.560669815063477,-6.2203716449737545,-0.10227800402045249,0.007177119026891887,6000.0,0.0012203311304328963,0.09498289467394352,0.09497227883338928,0.09505522923171521,12.0,500.0,4.556074311979856,32.69741751532169,6000,6000.0,271.80770659446716
9.52737186050415,-6.178973007202148,-0.1470884851515293,0.00890679999627173,6500.0,0.0026646065653767436,0.13295416685938835,0.13296786963939666,0.13301911610364914,13.0,500.0,1.7880678365603275,33.35016623383769,6500,6500.0,286.8001365661621
9.493914833068848,-6.145254932403565,-0.1854748610854149,0.00904934453871101,7000.0,0.003971986028831452,0.1709988751113415,0.17101582857966424,0.17111575987935065,14.0,500.0,5.385249277294521,31.30686366895342,7000,7000.0,302.7710762023926
9.460297122955323,-6.112680545806885,-0.21884889751672745,0.010549302043393254,7500.0,0.005940875553525985,0.20419823357462882,0.20420037379860878,0.2043261372447014,15.0,500.0,4.111974022988556,32.27098895256532,7500,7500.0,318.2648694515228
9.42651713180542,-6.080945281982422,-0.2523648911714554,0.011663295404985547,8000.0,0.007183971212245524,0.23475934982299804,0.23470494163036346,0.23471315127611161,16.0,500.0,4.797047457105734,32.798471830234774,8000,8000.0,333.50948309898376
9.392573360443116,-6.050868690490723,-0.3025861220955849,0.012809112310409546,8500.0,0.008712108439765871,0.2792321570515633,0.2792526752352715,0.2796178070306778,17.0,500.0,7.750095524490406,32.16427159646688,8500,8500.0,349.0546827316284
9.358464199066162,-6.015755899429322,-0.36652673399448393,0.014235123025253415,9000.0,0.014223405104130506,0.3352134491801262,0.3351212502717972,0.3352394136190414,18.0,500.0,6.744823041029711,32.70667804491685,9000,9000.0,364.342081785202
9.324188083648682,-5.982609474182129,-0.438375789642334,0.0158776528313756,9500.0,0.015317723309621214,0.40303500306606294,0.40306505644321444,0.40345486330986025,19.0,500.0,13.57945954032081,31.250378121540468,9500,9500.0,380.3418891429901
9.289743129730224,-5.949762714385987,-0.5279319647550583,0.019341062769293784,10000.0,0.018035087577998637,0.4897093549966812,0.4896910954713821,0.48996197938919067,20.0,500.0,12.131480104584563,30.11269242421438,10000,10000.0,396.9461843967438
9.25512797164917,-5.917307640075683,-0.6043467190265656,0.021661306735128165,10500.0,0.02326169930770993,0.5635272917747498,0.5634520655870437,0.563957024216652,21.0,500.0,41.331757888180626,30.414286374985554,10500,10500.0,413.3858280181885
9.220340755462647,-5.8837591381073,-0.719549827337265,0.030870896216481925,11000.0,0.031779853347688916,0.6740977735519409,0.6740845037698746,0.6745348534584046,22.0,500.0,8.061387279873982,30.91966859112541,11000,11000.0,429.55676531791687
9.185379837036132,-5.849398469924926,-0.8231306974887848,0.032563969001173976,11500.0,0.03756328005716204,0.777862149477005,0.7778761472702026,0.7778767576217651,23.0,500.0,66.3625438433898,30.88603657631376,11500,11500.0,445.74531173706055
9.150243350982667,-5.815626152038575,-0.9931300945281982,0.0479261979162693,12000.0,0.05616034318506718,0.9478026061058045,0.9478403582572937,0.9487227537631988,24.0,500.0,1.356759188772487,31.215670553834965,12000,12000.0,461.76290941238403
9.114929676055908,-5.781707515716553,-1.153421314239502,0.048089472338557246,12500.0,0.05925624594092369,1.0986333420276642,1.0986445081233978,1.099176293849945,25.0,500.0,20.505240908828778,31.406087292560944,12500,12500.0,477.6833906173706
9.079436946868897,-5.7474753856658936,-1.3378202741146088,0.050827492721378806,13000.0,0.07796182371675968,1.276908921957016,1.2769180400371551,1.2774512460231782,26.0,500.0,14.713644432632416,31.036732277638006,13000,13000.0,493.7933351993561
9.04376330947876,-5.714823598861694,-1.513142023563385,0.05103127833455801,13500.0,0.08642314241826535,1.4462356011867523,1.446203727722168,1.447028796672821,27.0,500.0,20.234506922648873,31.734540395270525,13500,13500.0,509.54903984069824
9.0079069480896,-5.680544095993042,-1.7046180572509766,0.05354597564786673,14000.0,0.09069146712124347,1.6354485368728637,1.6354563183784485,1.635519926071167,28.0,500.0,29.614478729484915,31.935859290416843,14000,14000.0,525.2054224014282
8.971865989685059,-5.64584359550476,-1.9417502675056457,0.058440696112811566,14500.0,0.12365592348575592,1.8548367800712586,1.8548401861190795,1.855788824558258,29.0,500.0,46.27878134380342,31.869197020091974,14500,14500.0,540.8945543766022
8.935638492584228,-5.61044937133789,-2.177410879611969,0.0648918609842658,15000.0,0.15738355560600759,2.0769257440567017,2.0768375310897826,2.077337302684784,30.0,500.0,37.079892955976185,31.93293430869576,15000,15000.0,556.5523717403412
8.899222476959228,-5.576067279815674,-2.494655848503113,0.07054068452119827,15500.0,0.18324680891633033,2.378973526954651,2.378968479156494,2.3806202073097227,31.0,500.0,23.567825190719226,31.788044135644622,15500,15500.0,572.2815563678741
8.8626160697937,-5.540627498626709,-2.732487328529358,0.07259111804515124,16000.0,0.18862542355060577,2.6114041991233825,2.6113851737976073,2.6117821183204653,32.0,500.0,74.07472578851788,31.836305543836872,16000,16000.0,587.9868974685669
8.82581721496582,-5.505922916412353,-3.1406396055221557,0.08435162918269634,16500.0,0.22109745666384698,3.0147079381942747,3.0146602363586426,3.0154882736206057,33.0,500.0,37.87004981604598,31.848707462182325,16500,16500.0,603.6861221790314
8.788823970794677,-5.470166648864746,-3.4319087104797363,0.08882795582711697,17000.0,0.23321589586138725,3.3033979206085204,3.3034365224838256,3.3045086069107055,34.0,500.0,75.67782057643885,31.30030194318698,17000,17000.0,619.6604096889496
8.751634033203125,-5.435201894760132,-3.7862149705886843,0.10033322206139564,17500.0,0.23567125815153123,3.65165868473053,3.6516540937423705,3.652739366531372,35.0,500.0,72.0365658878158,31.991634999735176,17500,17500.0,635.289496421814
8.714245578765869,-5.399605169296264,-4.189446063995361,0.10882177716493606,18000.0,0.3012058069109917,4.044326309204101,4.044294435501099,4.045312808990478,36.0,500.0,4.9028947425224,32.95597573622824,18000,18000.0,650.4612522125244
8.676656223297119,-5.363759115219116,-4.386379887580872,0.10743982560932636,18500.0,0.28071928369998933,4.251868926048279,4.251726923942566,4.2526559810638425,37.0,500.0,93.54293161567666,31.916897527414164,18500,18500.0,666.1269359588623
8.63886406326294,-5.329085771560669,-4.704704341888427,0.11762984430789948,19000.0,0.3052930530309677,4.567762414932251,4.567722722053528,4.569399858474731,38.0,500.0,29.306686071192452,32.20852780683042,19000,19000.0,681.6507761478424
8.600866611480713,-5.292828382492066,-5.010527359008789,0.12060280817747115,19500.0,0.3656640590429306,4.864391318321228,4.8643577117919925,4.865860339164734,39.0,500.0,48.82495258546188,31.98310170166745,19500,19500.0,697.2840325832367
8.5626619682312,-5.258653339385987,-5.319086072921753,0.12248832327127457,20000.0,0.38610048377513884,5.164343543052674,5.164209493637085,5.164806943893432,40.0,500.0,44.01753571994975,32.3086328294959,20000,20000.0,712.7597734928131
8.524247489929198,-5.223433982849121,-5.705755619049072,0.12653823459148408,20500.0,0.42819165402650833,5.537968814849854,5.537934747695923,5.538944089889527,41.0,500.0,20.457478561781112,32.357865570666746,20500,20500.0,728.2119679450989
8.485621131896973,-5.18811209487915,-6.014321287155151,0.12848321616649627,21000.0,0.4850945492386818,5.847388093948364,5.847481418609619,5.847757364273071,42.0,500.0,20.73667007600482,31.6144614115351,21000,21000.0,744.0275163650513
8.446780410766602,-5.1527489528656005,-6.2876512241363525,0.12739792335033417,21500.0,0.4981039390563965,6.115701843261719,6.1156891040802,6.1174575881958,43.0,500.0,72.0404617421585,30.13355684288505,21500,21500.0,760.6203145980835
8.407723033905029,-5.11762890625,-6.549451711654663,0.13426847448945045,22000.0,0.5002628165483475,6.37125806427002,6.371250621795654,6.371922378540039,44.0,500.0,27.016321494255003,30.11811376155717,22000,22000.0,777.221620798111
8.368446483612061,-5.082224018096924,-6.867328073501587,0.13552726596593856,22500.0,0.5366479442119598,6.673959421157837,6.6739603004455565,6.675440334320069,45.0,500.0,41.0312782609638,30.81871257715582,22500,22500.0,793.445531129837
8.328948238372803,-5.04547303199768,-7.184855993270874,0.13892285281419753,23000.0,0.5556945142745972,6.988357503890991,6.988358058929443,6.989125461578369,46.0,500.0,50.12339680758809,30.913386174047467,23000,23000.0,809.6197555065155
8.28922590637207,-5.009776468276978,-7.567498958587646,0.1421491324901581,23500.0,0.6173452284336091,7.366774063110352,7.366890638351441,7.368134370803833,47.0,500.0,43.408249855116445,31.121436749886016,23500,23500.0,825.6858525276184
8.249276832580566,-4.971454416275025,-7.879369682312012,0.14462985503673553,24000.0,0.6071791223287583,7.675179557800293,7.6749946327209475,7.675853418350219,48.0,500.0,41.54320499601605,30.881419350293783,24000,24000.0,841.8768191337585
8.209098598480224,-4.933485023498535,-8.168022102355957,0.14743739292025565,24500.0,0.6118211419582367,7.962819902420044,7.962778587341308,7.964582328796387,49.0,500.0,54.29892215704558,31.062046673437415,24500,24500.0,857.9736349582672
8.168688278198243,-4.895244707107544,-8.470927278518676,0.15003100621700288,25000.0,0.6371900782585144,8.259594392776489,8.259492385864258,8.260344469070434,50.0,500.0,34.15557776095383,31.19856589233779,25000,25000.0,874.0000140666962
8.128043380737305,-4.857525362014771,-8.742506940841675,0.15104282999038696,25500.0,0.7088911204338074,8.526859800338745,8.526872484207153,8.527815143585205,51.0,500.0,59.49999834990589,2.8909479385884587,25500,25500.0,1046.9536662101746
8.08716106414795,-4.817990827560425,-9.101454471588134,0.15494229564070702,26000.0,0.7348753597736358,8.88407661819458,8.883959617614746,8.886243587493896,52.0,500.0,49.4829767664838,32.4134550447376,26000,26000.0,1062.379359960556
8.046038585662842,-4.7805501689910885,-9.43968363761902,0.15840818026661874,26500.0,0.7601273999214172,9.21366814994812,9.213625255584716,9.21387488746643,53.0,500.0,54.212148673972585,31.71351761105308,26500,26500.0,1078.1455087661743
8.004673131942749,-4.74042371559143,-9.739883991241456,0.16093824058771133,27000.0,0.7874938925504684,9.502942211151122,9.50271192741394,9.504384532928468,54.0,500.0,65.2738117183074,31.254509183137284,27000,27000.0,1094.1432013511658
7.96306181716919,-4.702467384338379,-10.04258267211914,0.16386022517085075,27500.0,0.8029872658252716,9.79709169769287,9.79714720916748,9.797513549804687,55.0,500.0,57.75176535585931,31.264078157810136,27500,27500.0,1110.1359977722168
7.9212015342712405,-4.662726667404175,-10.382190479278565,0.16757999655604364,28000.0,0.8749066263437271,10.137100868225097,10.137190948486328,10.138553020477294,56.0,500.0,22.134182223661153,31.850066647167193,28000,28000.0,1125.8345532417297
7.879089487075806,-4.622156543731689,-10.587816989898682,0.16720934969186782,28500.0,0.894323022723198,10.347356014251709,10.347285816192628,10.348625434875489,57.0,500.0,91.2879955051891,31.41237067601562,28500,28500.0,1141.751850605011
7.836722518920898,-4.5841475639343265,-10.8705573387146,0.17329846426844597,29000.0,0.9504055709838867,10.625551509857178,10.625509170532226,10.62725337600708,58.0,500.0,80.98891147023126,31.238252058543956,29000,29000.0,1157.7578694820404
7.794097671508789,-4.542321636199951,-11.188059497833253,0.17771046283841133,29500.0,0.9473987464904785,10.933271091461181,10.933114807128906,10.934542865753174,59.0,500.0,32.783361083522706,32.10514955758958,29500,29500.0,1173.3316960334778
7.7512115955352785,-4.5029621562957765,-11.377387084960937,0.17751482439041139,30000.0,0.9331367883682251,11.119070732116699,11.119278110504151,11.11981498336792,60.0,500.0,60.86624785036165,31.822863441935716,30000,30000.0,1189.0436708927155
7.708061168670654,-4.462301465988159,-11.645849910736084,0.18186598211526872,30500.0,0.9347282860279084,11.394457813262939,11.3942073097229,11.39583918762207,61.0,500.0,30.595626234009156,32.19978992887218,30500,30500.0,1204.5717239379883
7.66464309501648,-4.4227768955230715,-11.824919490814208,0.18306423220038415,31000.0,0.9818212485313416,11.578440361022949,11.578524806976318,11.579944297790528,62.0,500.0,48.917088494081554,31.928121290784894,31000,31000.0,1220.2319014072418
7.620954053878784,-4.381886764526367,-12.046177108764649,0.18502513301372528,31500.0,0.9955926480293273,11.804164943695069,11.804073154449464,11.80411979675293,63.0,500.0,84.05255114781296,31.934758773073572,31500,31500.0,1235.888823747635
7.576990564346313,-4.343295135498047,-12.304706211090087,0.1895105623602867,32000.0,1.0333556916713715,12.059371448516846,12.059434978485108,12.060864891052246,64.0,500.0,98.15563055097334,31.20687277612275,32000,32000.0,1251.9109365940094
7.53274924659729,-4.302394962310791,-12.512001293182372,0.1945975363254547,32500.0,1.0378798880577087,12.25807339477539,12.257706638336181,12.258734951019287,65.0,500.0,94.17497838096868,30.843700558701155,32500,32500.0,1268.1217033863068
7.488226539611817,-4.262296562194824,-12.766073684692383,0.20055650448799134,33000.0,1.023801849603653,12.508002689361572,12.508245613098145,12.509178798675537,66.0,500.0,80.99957734369438,31.22558165640017,33000,33000.0,1284.1342160701752
7.443418823242188,-4.22002547454834,-12.964181529998779,0.20499052089452743,33500.0,1.023884741783142,12.708930591583252,12.708877819061279,12.709648712158202,67.0,500.0,58.697686861432125,31.98313828413612,33500,33500.0,1299.767454624176
7.398322502136231,-4.177573671340943,-13.078999198913575,0.20725004774332045,34000.0,1.040861022233963,12.830928707122803,12.831120735168456,12.832266662597656,68.0,500.0,41.707211465059274,31.525061877918404,34000,34000.0,1315.627852678299
7.352933687210083,-4.136411838531494,-13.209912437438964,0.207934458732605,34500.0,1.040165771484375,12.972559814453126,12.972520938873291,12.97305135345459,69.0,500.0,87.45462121748292,31.39006069622389,34500,34500.0,1331.55646276474
7.307248683929443,-4.094481206893921,-13.333730693817138,0.21185135906934738,35000.0,1.069973061323166,13.08570976638794,13.085448081970215,13.08662419128418,70.0,500.0,122.42587870397529,31.333329110040175,35000,35000.0,1347.513912677765
7.261263542175293,-4.052598651885987,-13.511438148498534,0.2192511817216873,35500.0,1.110404783964157,13.2588563041687,13.259194675445556,13.25947590637207,71.0,500.0,74.70197951594328,31.712165259788943,35500,35500.0,1363.2807338237762
7.214974369049072,-4.010239686965942,-13.689310775756836,0.22269762885570527,36000.0,1.0595789864063263,13.450538082122803,13.45017755508423,13.450081756591796,72.0,500.0,43.859594248706834,31.934048802135884,36000,36000.0,1378.9380049705505
7.168376987457275,-3.9654403123855593,-13.856586723327636,0.22329531341791153,36500.0,1.1119724984169006,13.61304280090332,13.613018550872802,13.614841884613037,73.0,500.0,74.99836635752091,31.79827677051784,36500,36500.0,1394.6621282100677
7.121467405319214,-3.924336860656738,-13.972949764251709,0.22370415365695953,37000.0,1.114285888195038,13.734187530517579,13.734262969970704,13.734825504302979,74.0,500.0,143.1919294597867,31.523991859673238,37000,37000.0,1410.5230655670166
7.074241256713867,-3.8799425468444824,-14.075158187866212,0.233943563580513,37500.0,1.2225451741218567,13.831207580566407,13.83116466140747,13.832297946929932,75.0,500.0,75.02146638628336,31.42001272290936,37500,37500.0,1426.4364912509918
7.02669436454773,-3.837995532989502,-14.292622081756592,0.2377194692492485,38000.0,1.1700897223949431,14.04401922607422,14.044182262420655,14.044979633331298,76.0,500.0,91.60750717777773,31.440610816957065,38000,38000.0,1442.3394916057587
6.978822317123413,-3.7932440700531007,-14.47064539718628,0.24223430359363557,38500.0,1.174898696899414,14.216534873962402,14.21667474746704,14.218143058776855,77.0,500.0,125.9847462728319,31.4255802315809,38500,38500.0,1458.2500972747803
6.930620632171631,-3.74937686252594,-14.76986940765381,0.2507242856025696,39000.0,1.1982743699550629,14.519095905303955,14.518966861724854,14.51793448638916,78.0,500.0,88.70363014709015,31.45024458028739,39000,39000.0,1474.1482260227203
6.882084697723388,-3.7067993831634523,-14.871242198944092,0.25237336122989656,39500.0,1.1983335044384003,14.616280368804931,14.616089115142822,14.617883563995361,79.0,500.0,81.73049835923315,31.20567333673689,39500,39500.0,1490.1709551811218
6.833209913253784,-3.6621382865905763,-15.085128398895264,0.2548546142578125,40000.0,1.2528748698234558,14.828967090606689,14.829190032958984,14.829008823394775,80.0,500.0,85.86761557907715,31.703193268840177,40000,40000.0,1505.9422380924225
6.783991403579712,-3.6162888736724854,-15.12593486404419,0.2565121884942055,40500.0,1.2745920262336732,14.873088039398194,14.87341159439087,14.874663707733154,81.0,500.0,79.43224305262078,31.842516173899586,40500,40500.0,1521.644515991211
6.7344244232177735,-3.5727462911605836,-15.28734605407715,0.2626729055047035,41000.0,1.2986153869628907,15.036148014068603,15.035848884582519,15.035850898742677,82.0,500.0,107.81188369138894,31.620489472617813,41000,41000.0,1537.4570486545563
6.684503976821899,-3.5278172273635864,-15.44265786743164,0.2660769783258438,41500.0,1.3054225573539733,15.192124675750732,15.192087158203124,15.193266952514648,83.0,500.0,32.8236460477367,31.251357927318157,41500,41500.0,1553.4563541412354
6.6342249126434325,-3.4821660079956054,-15.456392166137695,0.2624918848872185,42000.0,1.2893819410800933,15.205255672454834,15.205580764770508,15.205883750915527,84.0,500.0,66.84187839272505,31.781286882734353,42000,42000.0,1569.1888840198517
6.583582155227661,-3.435018159866333,-15.63564556503296,0.2669568608403206,42500.0,1.2655452144145967,15.377755325317382,15.377582042694092,15.378627574920655,85.0,500.0,36.853774630222,32.21033195386752,42500,42500.0,1584.7118544578552
6.532570264816284,-3.3904594116210935,-15.646121974945068,0.26396529108285904,43000.0,1.3034389741420747,15.383936962127686,15.384179599761962,15.383832099914551,86.0,500.0,79.31664908038525,31.527026768414363,43000,43000.0,1600.5712640285492
6.481183973312378,-3.345343692779541,-15.811946044921875,0.2674042706489563,43500.0,1.3234197180271148,15.554530899047851,15.554356513977051,15.555210418701172,87.0,500.0,89.48107303458181,31.263645640678124,43500,43500.0,1616.564281463623
6.429417583465576,-3.298421143531799,-15.949332679748535,0.2718658476471901,44000.0,1.340934154510498,15.690172416687012,15.690013786315918,15.690325183868408,88.0,500.0,121.11332576667019,31.44836658945755,44000,44000.0,1632.4633593559265
6.377265615463257,-3.2535055456161497,-16.08792631149292,0.2771959739327431,44500.0,1.3444391198158263,15.83026933670044,15.83079114151001,15.83198154449463,89.0,500.0,118.15852319214133,31.567961693211036,44500,44500.0,1648.3022038936615
6.32472205543518,-3.204262864112854,-16.24184032058716,0.28043320441246034,45000.0,1.3515451121330262,15.978315490722656,15.978295574188232,15.97779958343506,90.0,500.0,92.01175035544283,31.493104035702693,45000,45000.0,1664.1786963939667
6.271781240463257,-3.1585160846710205,-16.39409349822998,0.28351772665977476,45500.0,1.3642943460941315,16.122052055358886,16.121993171691894,16.12322088623047,91.0,500.0,115.8544847885077,30.817595321707895,45500,45500.0,1680.4031953811646
6.218436880111694,-3.106078161239624,-16.59876035308838,0.28888810563087464,46000.0,1.3696778395175935,16.32531202697754,16.325401679992677,16.32637503051758,92.0,500.0,75.18754524211613,31.538300948988923,46000,46000.0,1696.2569353580475
6.164682945251465,-3.0589180698394776,-16.738619987487795,0.29006184786558153,46500.0,1.350899146795273,16.468718856811524,16.468789798736573,16.469261531829833,93.0,500.0,112.14530703724381,31.382844600035405,46500,46500.0,1712.1892082691193
6.110512926101684,-3.0119815769195557,-16.931593357086182,0.2929035425186157,47000.0,1.3764717283248902,16.660288734436037,16.66035643005371,16.66018326950073,94.0,500.0,97.30017083258801,31.574727408425662,47000,47000.0,1728.0246589183807
6.055920557022095,-2.96604273891449,-17.062287364959715,0.29693851196765897,47500.0,1.4429241828918458,16.788936000823973,16.788910812377928,16.791281421661377,95.0,500.0,191.37388783069397,31.043006116494404,47500,47500.0,1744.1313478946686
6.000898994445801,-2.9153579559326173,-17.202163105010985,0.3054368404150009,48000.0,1.4350893619060516,16.93824053955078,16.93851679611206,16.93767876815796,96.0,500.0,90.52447154560443,31.649073703131716,48000,48000.0,1759.9295992851257
5.945441570281982,-2.8677338724136354,-17.387811267852783,0.30802301943302157,48500.0,1.4695912194252014,17.10882098388672,17.108685779571534,17.109839931488036,97.0,500.0,89.00505742890317,31.75567569983785,48500,48500.0,1775.674817085266
5.889541227340699,-2.817986609458923,-17.53595715332031,0.31099539750814437,49000.0,1.4614956560134889,17.25958059310913,17.259818374633788,17.261456184387207,98.0,500.0,171.71442865021203,31.37059019734276,49000,49000.0,1791.6133127212524
5.833190893173218,-2.765313569068909,-17.704953292846678,0.3155943557024002,49500.0,1.4861669285297394,17.424227153778077,17.424163063049317,17.42369039916992,99.0,500.0,101.4312650831479,31.488945598583392,49500,49500.0,1807.4919021129608
5.77638328742981,-2.715266718864441,-17.938564712524414,0.3218381361961365,50000.0,1.5334490852355958,17.64703973007202,17.647101047515868,17.648071464538575,100.0,500.0,77.26148695533124,31.972817543410244,50000,50000.0,1823.130187034607
5.719110820770264,-2.667419280052185,-18.158307273864747,0.32372787058353425,50500.0,1.545254040002823,17.867733901977537,17.867749992370605,17.869182933807373,101.0,500.0,141.8197795887738,2.8492939134687756,50500,50500.0,1998.6122601032257
5.6613659553527835,-2.618669225692749,-18.321059944152832,0.3268430762290955,51000.0,1.5557473073005677,18.019000473022462,18.01887242126465,18.019572357177733,102.0,500.0,187.59320702704022,31.540725246637887,51000,51000.0,2014.4647817611694
5.603140729904175,-2.561528594970703,-18.561510627746582,0.3365004075169563,51500.0,1.625064667701721,18.267348274230958,18.267618156433105,18.266927101135256,103.0,500.0,106.59626286373145,31.775712999409592,51500,51500.0,2030.2000710964203
5.544427165985107,-2.5107654790878295,-18.732317474365235,0.3375880025625229,52000.0,1.6251243057250977,18.42704891204834,18.427106979370116,18.429045806884766,104.0,500.0,99.29415338980606,31.791528179396128,52000,52000.0,2045.9275329113007
5.485216865539551,-2.459679132461548,-18.944582008361817,0.3392569389343262,52500.0,1.7558905959129334,18.633872497558595,18.63380054473877,18.63453323364258,105.0,500.0,100.10902536759538,31.2170733612656,52500,52500.0,2061.944410800934
5.425501594543457,-2.407338502883911,-19.125266754150392,0.3429152265787125,53000.0,1.9514228529930115,18.813663360595704,18.81354475402832,18.8139005279541,106.0,500.0,194.50760562901996,31.550523470549155,53000,53000.0,2077.7920093536377
5.365272371292114,-2.353192991256714,-19.243458404541016,0.34791014409065246,53500.0,2.1329892621040343,18.91879376220703,18.918539627075194,18.919447494506837,107.0,500.0,121.52009944039186,31.77252990120747,53500,53500.0,2093.528874874115
5.304520587921143,-2.29974901676178,-19.5591117477417,0.3555493507385254,54000.0,2.2813011622428894,19.225795616149902,19.226218643188478,19.228443031311034,108.0,500.0,109.74476686822308,31.538151073126244,54000,54000.0,2109.382690668106
5.243236757278442,-2.2436328592300416,-19.88607275390625,0.35829100155830385,54500.0,2.288081772327423,19.542668998718263,19.542811393737793,19.544222412109374,109.0,500.0,139.92043373236442,31.52337537638542,54500,54500.0,2125.2439374923706
5.181411775588989,-2.1946385145187377,-20.08389733886719,0.3656543097496033,55000.0,2.590801066875458,19.742032760620116,19.7417032623291,19.741632553100587,110.0,500.0,92.21100086858715,31.65797876388161,55000,55000.0,2141.037744998932
5.119035762786865,-2.1380195484161377,-20.290653144836426,0.3630414381623268,55500.0,2.791331481933594,19.93305757904053,19.93348597717285,19.935033164978027,111.0,500.0,57.50678643665125,31.700079307940534,55500,55500.0,2156.810577392578
5.056099044799804,-2.0802021980285645,-20.53059078979492,0.3609809774160385,56000.0,2.73477832365036,20.182588485717773,20.18282159423828,20.18487986755371,112.0,500.0,91.80673546587327,31.89060911834088,56000,56000.0,2172.4891753196716
4.992591247558594,-2.030251883029938,-20.689442321777342,0.36541267240047454,56500.0,2.9383318815231325,20.333731285095215,20.333471145629883,20.334676277160643,113.0,500.0,79.20043629667798,31.925666238231024,56500,56500.0,2188.150556564331
4.92850196647644,-1.9703803267478943,-21.006533203125,0.3652288464307785,57000.0,3.0016236171722412,20.634103805541994,20.633961372375488,20.63606287384033,114.0,500.0,140.51409784662067,31.893269768382982,57000,57000.0,2203.827846288681
4.863820547103882,-1.9101971831321716,-21.197653038024903,0.3688665924072266,57500.0,3.2567787675857542,20.83386573791504,20.834129180908203,20.836343811035157,115.0,500.0,150.71519201722154,31.670363590196654,57500,57500.0,2219.615478515625
4.7985358276367185,-1.8571709747314453,-21.453960945129396,0.3756955486536026,58000.0,3.3569515776634216,21.07840409851074,21.07787087249756,21.080305702209472,116.0,500.0,100.24295620927161,32.23338661882679,58000,58000.0,2235.1273465156555
4.732636528015137,-1.8022145981788635,-21.803982070922853,0.3769065150022507,58500.0,3.350957277774811,21.423141052246095,21.42369800567627,21.42398523712158,117.0,500.0,80.30462122375005,32.00774992333654,58500,58500.0,2250.7485644817352
4.666110916137695,-1.7418523139953612,-21.91324597930908,0.37540733528137205,59000.0,3.576944281101227,21.532291694641113,21.532320137023927,21.533764488220214,118.0,500.0,99.50890667946446,31.94174929554661,59000,59000.0,2266.4020597934723
4.598946985244751,-1.682922209262848,-22.08902709197998,0.3770908205509186,59500.0,3.552400189399719,21.707741706848143,21.707680641174317,21.711688385009765,119.0,500.0,89.44200678719369,31.391550174835416,59500,59500.0,2282.3299136161804
4.531132410049438,-1.6214673953056336,-22.272549156188965,0.38030392277240754,60000.0,3.610359431266785,21.887205680847167,21.88746607208252,21.88891710662842,120.0,500.0,60.18659292714998,31.455811957255953,60000,60000.0,2298.225229024887
4.46265439414978,-1.559096299648285,-22.475433502197266,0.38149241960048674,60500.0,4.160072097301483,22.093257698059084,22.093194290161133,22.09499947357178,121.0,500.0,89.96060317439972,31.512698546791373,60500,60500.0,2314.0918493270874
4.3934998626708985,-1.5015092463493347,-22.626658805847168,0.3796237508058548,61000.0,4.323693660736084,22.234105110168457,22.23421718597412,22.23555921173096,122.0,500.0,75.55191685807493,31.620895684330474,61000,61000.0,2329.9041788578033
4.3236553020477295,-1.440903069972992,-22.785981872558594,0.38130808699131014,61500.0,4.609109827041626,22.396390830993653,22.395969802856445,22.398562660217284,123.0,500.0,68.34796509984314,31.75676727486841,61500,61500.0,2345.6488556861877
4.253106801986695,-1.3771724486351014,-22.883897010803224,0.3805577344894409,62000.0,4.681786060333252,22.495966842651367,22.496594062805176,22.497124206542967,124.0,500.0,103.51436106935057,31.64119237399635,62000,62000.0,2361.4510424137115
4.181840057373047,-1.3146597614288331,-23.077916297912598,0.3804939684867859,62500.0,4.4589078407287595,22.69096004486084,22.690732452392577,22.69423278045654,125.0,500.0,167.38873774302326,31.645712496316566,62500,62500.0,2377.2509717941284
4.109840286254883,-1.2531167850494385,-23.280946784973146,0.3869211889505386,63000.0,4.463997016906738,22.883664588928223,22.883892990112304,22.88786624145508,126.0,500.0,170.7468618822866,31.574692229664077,63000,63000.0,2393.0864400863647
4.037092199325562,-1.1957760124206542,-23.556850540161133,0.39379306650161744,63500.0,4.629574460983276,23.162478073120116,23.16251968383789,23.162948692321777,127.0,500.0,464.23405258556716,32.98346915052616,63500,63500.0,2408.245549917221
3.9635801401138306,-1.1300837545394897,-23.89380746459961,0.4116937781572342,64000.0,5.034763699531555,23.47080135345459,23.470781631469727,23.475081436157225,128.0,500.0,84.60592332160911,32.02372803053947,64000,64000.0,2423.858973503113
3.8892878856658935,-1.0627476243972778,-24.121544677734374,0.41468994092941286,64500.0,4.159084696769714,23.71504305267334,23.714939102172853,23.71991539001465,129.0,500.0,98.86515276157752,31.783660530005427,64500,64500.0,2439.5903282165527
3.8141986503601073,-0.9982475719451904,-24.34547389984131,0.41370093405246733,65000.0,4.385384417533874,23.926090164184572,23.92588215637207,23.925690048217774,130.0,500.0,76.82666836273599,31.99145638321504,65000,65000.0,2455.21950173378
3.738295195579529,-0.9348575828075409,-24.50410540008545,0.4165208160877228,65500.0,4.3825839319229125,24.08701314544678,24.08718968963623,24.091143783569336,131.0,500.0,160.53948860044983,31.360837740542586,65500,65500.0,2471.1629543304443
3.6615596742630006,-0.867089145898819,-24.649915382385252,0.4175448441505432,66000.0,4.770912440299988,24.24852113342285,24.24881226348877,24.24992458343506,132.0,500.0,100.3428896392082,32.013865868876465,66000,66000.0,2486.7811880111694
3.583973566055298,-0.8021640088558197,-24.84488284301758,0.42027149045467377,66500.0,4.6568067331314085,24.443983055114746,24.444109893798828,24.445473342895507,133.0,500.0,174.7435141203078,31.702476783209143,66500,66500.0,2502.5528275966644
3.505517903327942,-0.7410037717819213,-25.069421417236327,0.4262922781705856,67000.0,5.069967339515686,24.669332572937012,24.66905792236328,24.67362959289551,134.0,500.0,381.83436004905445,32.72013810673222,67000,67000.0,2517.8339381217957
3.4261729183197023,-0.6703658542633056,-25.44661843109131,0.4379559561014175,67500.0,5.1005994396209715,25.0190876083374,25.019563850402832,25.022318923950195,135.0,500.0,216.8143146331243,31.62911131489487,67500,67500.0,2533.6421616077423
3.3459182014465334,-0.6104434025287628,-25.70565598297119,0.44227427875995634,68000.0,5.433704549789429,25.282514205932618,25.282584938049318,25.28593021392822,136.0,500.0,392.9190001208095,32.415330823936905,68000,68000.0,2549.0669634342194
3.264732716560364,-0.542132336974144,-26.193341316223144,0.45690358757972716,68500.0,6.221209754943848,25.77215203857422,25.77199156951904,25.773722106933594,137.0,500.0,439.47949792840683,33.041106948422446,68500,68500.0,2564.199629545212
3.182594561576843,-0.48164894330501556,-26.77750183105469,0.4759337989091873,69000.0,6.3226457777023315,26.32752070617676,26.32758715057373,26.328339012145996,138.0,500.0,477.9076714476013,33.56095732405443,69000,69000.0,2579.097894668579
3.099481125831604,-0.41159231555461884,-27.613801429748534,0.48980312824249267,69500.0,6.893675298690796,27.141469764709473,27.141501861572266,27.1433034286499,139.0,500.0,471.982466570748,33.44119263092454,69500,69500.0,2594.0495159626007
3.0153689765930176,-0.34437593233585356,-28.20100759124756,0.5087268705368042,70000.0,7.429514305114746,27.718129737854003,27.71841623687744,27.72176119232178,140.0,500.0,70.54951012297036,31.430769089196335,70000,70000.0,2609.9574954509735
2.9302338151931764,-0.26913248014450075,-28.560886306762697,0.5078273928165435,70500.0,7.037198855400085,28.043341667175294,28.043518577575682,28.04734730529785,141.0,500.0,462.2484392084297,33.477405043921024,70500,70500.0,2624.892943382263
2.844050456047058,-0.19115545386075974,-29.321270790100098,0.5202585315704346,71000.0,7.686886964797973,28.773038230895995,28.772627838134767,28.776493026733398,142.0,500.0,98.3747155862959,32.932551610691775,71000,71000.0,2640.075490951538
2.7567927532196044,-0.12192716316878796,-29.869471221923828,0.5216952615976334,71500.0,7.849985219955444,29.326305358886717,29.326408683776855,29.32678633880615,143.0,500.0,8.552649652771743,32.73016495213299,71500,71500.0,2655.3519201278687
2.668433590888977,-0.05107720080483705,-30.230021430969238,0.517732341170311,72000.0,8.884626001358033,29.65894063568115,29.659457275390626,29.665303382873535,144.0,500.0,470.707473953629,33.33966640398016,72000,72000.0,2670.349071264267
2.578944761276245,0.018666960928589105,-31.098394203186036,0.5335852727890015,72500.0,8.708585313796997,30.505133583068847,30.504664978027343,30.505108108520506,145.0,500.0,19.283390494808753,32.408032838995986,72500,72500.0,2685.777345895767
2.4882971153259277,0.08582100052386522,-31.698566764831543,0.5350376265048981,73000.0,9.473456483840943,31.101581855773926,31.10136178588867,31.107251983642577,146.0,500.0,481.90592734649874,33.06466078629254,73000,73000.0,2700.899232149124
2.3964601173400877,0.15848508355021476,-32.413237106323244,0.5449674822092057,73500.0,9.583807209014893,31.78598141479492,31.786662338256836,31.78694263458252,147.0,500.0,480.0334691683057,32.740629856584576,73500,73500.0,2716.170778274536
2.3034022274017336,0.2335008738040924,-33.51662490844726,0.5686368057727814,74000.0,10.150639944076538,32.8552739944458,32.855231140136716,32.8593479309082,148.0,500.0,481.8107197516663,32.90881837643362,74000,74000.0,2731.364275455475
2.2090905742645264,0.3213306319117546,-34.27028314971924,0.5780608060359955,74500.0,10.344027988433838,33.576867584228516,33.57629370117188,33.577163734436034,149.0,500.0,471.3044067801427,33.31610193321058,74500,74500.0,2746.3720347881317
2.1134908246994017,0.385775937795639,-35.29358544921875,0.5934775024652481,75000.0,11.025947650909425,34.56582489013672,34.566102317810056,34.57109744262695,150.0,500.0,475.3057150187139,32.86474920003956,75000,75000.0,2761.5859048366547
2.0165673332214356,0.46328961205482483,-36.22411563873291,0.6040044430494308,75500.0,11.794386754989624,35.45632381439209,35.456425636291506,35.458012550354006,151.0,500.0,479.97480203337705,3.003085060333162,75500,75500.0,2928.081356525421
1.9182829537391664,0.5364142438173294,-37.363198028564454,0.6295930873155594,76000.0,13.54110553741455,36.57724523925781,36.577640968322754,36.58037182617188,152.0,500.0,480.92520173192173,33.581503527579734,76000,76000.0,2942.9705061912537
1.8185989065170287,0.616563684463501,-38.46058906555176,0.6387215015888215,76500.0,13.655502996444703,37.616016983032225,37.61594792175293,37.61703930664063,153.0,500.0,476.4220270695889,32.92031406309141,76500,76500.0,2958.158697605133
1.7174746961593628,0.6976038792133331,-39.40745399475097,0.6501916055679321,77000.0,14.178112676620483,38.55877822875976,38.55860746765137,38.562845977783205,154.0,500.0,480.72595086311105,33.212240178389855,77000,77000.0,2973.213389635086
1.614868152141571,0.781959659576416,-40.495884674072265,0.6653484935760499,77500.0,14.204569681167602,39.640184295654294,39.640219833374026,39.64698129272461,155.0,500.0,440.7050180761273,32.6168636466314,77500,77500.0,2988.5428841114044
1.5107351846694945,0.8768797481060028,-41.47068315124512,0.6810019917488098,78000.0,14.171757516860962,40.57947100830078,40.57881121826172,40.58022979736328,156.0,500.0,481.2994278620706,32.94202551472622,78000,78000.0,3003.7210659980774
1.4050296478271485,0.9626440162658692,-42.8311976776123,0.6952138569355011,78500.0,15.147209609985351,41.87933131408691,41.87909112548828,41.88854672241211,157.0,500.0,478.52010694841306,33.589895405411546,78500,78500.0,3018.6064953804016
1.2977033395767212,1.0370288240909575,-43.93532258605957,0.7053877778053284,79000.0,15.031058490753173,42.95064431762695,42.9511502532959,42.949958053588865,158.0,500.0,480.54103275717466,32.67766616600382,79000,79000.0,3033.907466650009
1.1887057948112487,1.127808654308319,-45.22382458496094,0.7234457913637161,79500.0,15.756853771209716,44.21712815856934,44.21633868408203,44.22328579711914,159.0,500.0,481.33139175321855,33.239389070390835,79500,79500.0,3048.9498620033264
1.07798415517807,1.219757668018341,-46.29951480102539,0.7334027247428894,80000.0,15.747025402069092,45.27449407958984,45.27439686584473,45.27994291687012,160.0,500.0,463.8404386253351,32.73213121002886,80000,80000.0,3064.2253732681274
0.9654829154014587,1.3061961207389832,-47.61985614013672,0.7563435533046723,80500.0,16.03268277359009,46.58443254089355,46.584612182617185,46.5881522064209,161.0,500.0,6.7605486823815495,32.41290447661945,80500,80500.0,3079.6513290405273
0.8511440000534057,1.3996777892112733,-47.97107192993164,0.7472631797790528,81000.0,16.216159572601317,46.95966145324707,46.95961747741699,46.96604093933105,162.0,500.0,458.04027171167235,32.96820509183039,81000,81000.0,3094.8174579143524
0.7349063229560852,1.4909901213645935,-48.811070037841795,0.7605839908123017,81500.0,14.834405010223389,47.81623596191406,47.81675682067871,47.820899475097654,163.0,500.0,480.50987105760976,33.40401239602023,81500,81500.0,3109.785721063614
0.6167058339118957,1.584086884021759,-49.55200929260254,0.7720721132755279,82000.0,14.847232929229737,48.53969664001465,48.53983218383789,48.54989631652832,164.0,500.0,415.3001367654112,32.87194004718106,82000,82000.0,3124.9962627887726
0.49647505140304565,1.692390516281128,-50.399138107299805,0.7791134932041168,82500.0,14.873856376647948,49.36969721984863,49.36952597045899,49.37150830078125,165.0,500.0,405.4641365205099,32.86484602556549,82500,82500.0,3140.2100882530212
0.3741430258750916,1.7834953875541688,-50.953805160522464,0.7904156811237335,83000.0,14.889998863220216,49.95369973754883,49.9533092956543,49.96082275390625,166.0,500.0,478.00686821441195,32.49908580669429,83000,83000.0,3155.5951380729675
0.24963496255874634,1.865705418586731,-52.207003509521485,0.8123150298595428,83500.0,14.688002201080323,51.152290603637695,51.15236685180664,51.1579174041748,167.0,500.0,468.71118189088054,32.350780077041414,83500,83500.0,3171.050716638565
0.12287207460403442,1.9546707010269164,-52.46848529052734,0.8067856550216674,84000.0,14.532106483459472,51.44404721069336,51.44383424377441,51.45244664001465,168.0,500.0,454.91514623858393,32.02469335677181,84000,84000.0,3186.663670539856
-0.0062288808822631835,2.0861484699249266,-53.468040939331054,0.8231290752887725,84500.0,14.62955191040039,52.41344718933105,52.41409716796875,52.417033874511716,169.0,500.0,454.08455297288214,32.72014270128154,84500,84500.0,3201.9447782039642
-0.13775566625595093,2.190597659111023,-53.96839781188965,0.8375714001655579,85000.0,14.920347175598145,52.933414993286135,52.93357833862305,52.93838385009766,170.0,500.0,481.55374406901984,32.252855378097564,85000,85000.0,3217.447282552719
-0.2718012843132019,2.2712703819274904,-54.684578369140624,0.8503742070198059,85500.0,14.376307844161987,53.669475402832035,53.670050704956054,53.677892044067384,171.0,500.0,479.9437307643251,31.841085599988862,85500,85500.0,3233.150265932083
-0.40846408176422117,2.3713408346176146,-55.3487109375,0.8645578351020813,86000.0,14.558937129974366,54.32763790893555,54.32735392761231,54.32954768371582,172.0,500.0,481.8838872379205,31.875283381813336,86000,86000.0,3248.8364024162292
-0.5478482699394226,2.486421510696411,-55.92019418334961,0.875383791923523,86500.0,14.305929559707641,54.894870483398435,54.895481719970704,54.900529922485354,173.0,500.0,375.3939933889511,31.753262960161067,86500,86500.0,3264.5828166007996
-0.6900644388198852,2.6137190761566163,-56.42369859313965,0.8814809522628784,87000.0,13.734367279052734,55.37131285095215,55.37188946533203,55.376081100463864,174.0,500.0,478.5433322760948,32.95165139522531,87000,87000.0,3279.7565643787384
-0.8352301578521728,2.71938258266449,-56.919710189819334,0.8907341089248657,87500.0,13.523512916564941,55.86846517944336,55.867987716674804,55.87410160827637,175.0,500.0,475.5866423163388,32.16272811203179,87500,87500.0,3295.3025102615356
-0.9834702329635621,2.8010166311264038,-57.53442025756836,0.9042130126953125,88000.0,13.450195379257202,56.49380061340332,56.493230621337894,56.49791986083984,176.0,500.0,481.74083948686757,32.03449319529448,88000,88000.0,3310.9106872081757
-1.134917781352997,2.8863277406692505,-58.01754133605957,0.9195946543216705,88500.0,12.514487421035767,56.99538720703125,56.99615400695801,57.002582946777345,177.0,500.0,476.31784765534456,33.03287930408722,88500,88500.0,3326.0471227169037
-1.289714702129364,3.0463808822631835,-58.50909376525879,0.9270021855831146,89000.0,12.597893232345582,57.483712265014645,57.483087509155276,57.48873896789551,178.0,500.0,477.79008282075733,33.40791291186765,89000,89000.0,3341.0136380195618
-1.4480125141143798,3.2018226919174193,-58.96721105957031,0.9325560615062713,89500.0,12.855196882247926,57.91627670288086,57.91646839904785,57.920014373779296,179.0,500.0,457.75287423701764,33.254619523924454,89500,89500.0,3356.0491440296173
-1.6099732036590577,3.288819633483887,-59.59925558471679,0.9471558473110199,90000.0,12.735802490234375,58.550916473388675,58.55184104919434,58.55763772583008,180.0,500.0,476.1884586468293,33.21102048342746,90000,90000.0,3371.104388475418
-1.7757703161239624,3.4330992345809936,-60.05159516906738,0.9524321320056915,90500.0,12.860182243347168,59.0138856048584,59.013880859375,59.01490199279785,181.0,500.0,480.86209402392717,33.219481298843014,90500,90500.0,3386.1557986736298
-1.9455900664329528,3.5762940530776977,-60.528041290283205,0.9644521055221558,91000.0,12.123600961685181,59.48948223876953,59.48995216369629,59.49699569702148,182.0,500.0,469.3687005937103,33.26541515393625,91000,91000.0,3401.1864252090454
-2.119632486343384,3.7471265268325804,-60.88620748901367,0.9650084826946258,91500.0,12.134112823486328,59.827119750976564,59.82655085754394,59.8344351348877,183.0,500.0,479.05715930824977,33.19960576861261,91500,91500.0,3416.2468461990356
-2.2981129817962644,3.884779128074646,-61.543218414306644,0.9840800304412842,92000.0,11.482672351837158,60.490071319580075,60.49024974060059,60.49336029052734,184.0,500.0,480.1972524853605,33.29437522854487,92000,92000.0,3431.2643990516663
-2.4812638511657714,4.017643815994263,-61.969331848144535,0.9906685612201691,92500.0,11.171267160415649,60.9230440826416,60.92277429199219,60.92919860839844,185.0,500.0,481.35671206216267,32.93065169228827,92500,92500.0,3446.4478228092194
-2.6693360567092896,4.160873072624207,-62.32521759033203,1.0008569297790528,93000.0,11.768951231002807,61.30085363769531,61.300938385009765,61.30177529907227,186.0,500.0,476.27835936414056,33.004871839583714,93000,93000.0,3461.5971031188965
-2.862601468086243,4.358120035171509,-62.666191680908206,1.0112067296504974,93500.0,11.914905019760132,61.62182824707031,61.62158772277832,61.62814889526367,187.0,500.0,475.72231516905396,32.60170228246832,93500,93500.0,3476.933726787567
-3.0613550529479983,4.525972370147705,-63.12510810852051,1.0249605445861816,94000.0,11.542754503250123,62.0624533996582,62.06246507263184,62.06578633117676,188.0,500.0,451.5097496187756,32.82685239130278,94000,94000.0,3492.165160894394
-3.265917655944824,4.708677913665771,-63.787167602539064,1.0366059012413025,94500.0,11.045886194229126,62.734829986572265,62.73382272338867,62.739924392700196,189.0,500.0,481.0036547478369,32.019903974122585,94500,94500.0,3507.78044962883
-3.4766391773223875,4.901767034530639,-64.25764707946777,1.0430338621139525,95000.0,11.07410513305664,63.19271829223633,63.193287139892576,63.1956717376709,190.0,500.0,469.08377653003265,32.6690775228066,95000,95000.0,3523.085443496704
-3.6939019393920898,5.094185571670533,-64.6339757232666,1.0526161839962005,95500.0,10.913879735946654,63.56475704956055,63.564784210205076,63.567503021240235,191.0,500.0,468.15664360053813,32.63900047045312,95500,95500.0,3538.4045419692993
-3.9181251792907714,5.283543607711792,-65.23754983520507,1.068106637954712,96000.0,10.902412521362304,64.16754176330566,64.16708769226074,64.17524674987793,192.0,500.0,481.67439016767,33.27179000710984,96000,96000.0,3553.432288169861
-4.1497697925567625,5.48720259475708,-65.60846803283691,1.079256984949112,96500.0,10.466649068832398,64.58440007019043,64.58450961303711,64.58707434082031,193.0,500.0,480.8404841481066,33.09322678875652,96500,96500.0,3568.541121006012
-4.389343868255615,5.731192514419556,-65.74821481323242,1.0794628896713256,97000.0,10.392121866226196,64.72546661376953,64.72650117492675,64.72966130065917,194.0,500.0,480.5806916049672,33.39649489935373,97000,97000.0,3583.5127532482147
-4.637409679412841,5.960866296768189,-66.12986291503907,1.0855378923416137,97500.0,10.092766666412354,65.1032279510498,65.10270266723633,65.10646772766113,195.0,500.0,471.36860923178835,32.86885396979958,97500,97500.0,3598.724723339081
-4.8945915184021,6.173382595062256,-66.54094674682617,1.1018063490390777,98000.0,10.16342074584961,65.49557414245605,65.49520376586914,65.49950205993652,196.0,500.0,481.49268826160665,32.91876950741126,98000,98000.0,3613.9136276245117
-5.161585102081299,6.459142322540283,-66.88524003601074,1.1038014266490936,98500.0,10.363672847747802,65.82664479064941,65.82638514709473,65.83062794494629,197.0,500.0,452.58057053386494,33.03946671328302,98500,98500.0,3629.0470447540283
-5.439168815612793,6.659325412750244,-67.53896315002441,1.1210919194221496,99000.0,10.087316961288453,66.48796810913086,66.48880178833008,66.49163859558105,198.0,500.0,452.19106078531905,32.14897746680985,99000,99000.0,3644.599639892578
-5.728217914581299,6.989495197296143,-67.84004000854492,1.1321408622264861,99500.0,9.90828558921814,66.80656855773925,66.80626306152344,66.81135115051269,199.0,500.0,479.53337423630654,32.99112516532909,99500,99500.0,3659.7552318573
